"uri","text","image_name","category"
"1461799366348443656","#propagandalive #Giordano #Conte 
 Scusate se mi ripeto ma #sallusti vs #travaglio mi ricorda il cartone animati di WILLY il coyote e BEEP BEEP üòÇ#sallusti cerca sempre di fregare #Travaglio ma come WILLY il COYOTE resta sempre sconfitto!!! üòÇüòÇüòÇBEEP BEEP https://t.co/nhT9Tq0RGx","","PropagandaLive (tweet_multimodal)"
"1461749638713810944","Questa sera torna @welikeduel alle 21:15! 
Gli ospiti saranno: @LaSmutniak e @Calibro35. #propagandalive https://t.co/01JRZMsDEc","","PropagandaLive (tweet_multimodal)"
"1461779690176323585","#leopolda11 foto dall‚Äôinterno #propagandalive https://t.co/VwSVIxADmo","","PropagandaLive (tweet_multimodal)"
"1463188600544186368","A√≤, ma che ne sapete voi che fate tanto i fighi con @makkox a #propagandalive e @zerocalcare su @NetflixIT, ti√©, beccateve Il Leghista, 1996, Squalo Comics, 3600 lire. Arte padana.

(via https://t.co/BurIxipMtS) https://t.co/UqEEu3Y0oK","","PropagandaLive (tweet_multimodal)"
"1461797887776600075","L'unico commento possibile a ogni intervista di Luigi Di Maio:

#propagandalive https://t.co/sHr0An3OG6","","PropagandaLive (tweet_multimodal)"
"1461789634103500800","Stasera pubblico gasatissimo a #propagandalive https://t.co/eobwwerNcP","","PropagandaLive (tweet_multimodal)"
"1461812136099946499","‚ÄúIl vero declathlon lo fanno i migranti‚Äù @Pennacchiiiii straordinario monologo per #propagandalive https://t.co/454v3yiQio","","PropagandaLive (tweet_multimodal)"
"1461797065604935687","Apriremo il Parlamento come una scatoletta di caviale.
#propagandalive @welikeduel https://t.co/6d1CiqCURa","","PropagandaLive (tweet_multimodal)"
"1461837003696267266","Mamma in isolamento Covid e pap√† solo in bal√≠a di se stesso e del piccolo Carlo. Menomale che √® venerd√¨ e c‚Äô√® Propaganda ü•≤ @welikeduel #propagandalive #vardipuntata https://t.co/Mx1Jft9UJk","","PropagandaLive (tweet_multimodal)"
"1461828096609464322","Segni di passaggi recenti sul ciglio della strada

#propagandaeuropa #propagandalive https://t.co/7B3DhmKinB","","PropagandaLive (tweet_multimodal)"
"1462047790511624195","#Makkox: ""non sono coglione, mica voto 5 stelle""
Poi parla di meschinit√† ü§¶
#propagandalive https://t.co/jWjVL5yrjI","","PropagandaLive (tweet_multimodal)"
"1461811842691571721","Ma rilassate er viso penn√† #propagandalive https://t.co/wqtBmpDwuR","","PropagandaLive (tweet_multimodal)"
"1461834816052150273","I miei NFTs che vorrebbero fare riflettere sul fatto che siamo tutti umani e ci dobbiamo aiutare.
 #propagandaeuropa #propagandalive https://t.co/Mk0bfTMaPT","","PropagandaLive (tweet_multimodal)"
"1461726159427846146","@La7tv @Calibro35 Sul palco con i @Calibro35 ci sar√† anche Arya Delgado. 

#propagandalive arriva alle 21,15 su @la7tv https://t.co/1Br8HMZy1n","","PropagandaLive (tweet_multimodal)"
"1461848747382657030","@welikeduel Sono in ritardo e fanno sta cagata della TOP F√úNF
#propagandalive sta perdendo il suo senso iniziale.. 
@SalernoSal trova un rimedio altrimenti rimanete voi a guardare fino a tardi sta roba.. https://t.co/aNR1JIswmW","","PropagandaLive (tweet_multimodal)"
"1461832040349896709","Guardando il reportage di @welikeduel #propagandalive dal confine #Polonia #Bielorussia si sente quasi il profumo dei boschi, che dolore il filo spinato e i muri che si ergono contro l‚Äôumanit√† che si sposta, #Europa devi essere meglio di cos√¨‚Ä¶ #migranti #propagandaeuropa https://t.co/0JkjbvzfvO","","PropagandaLive (tweet_multimodal)"
"1461848999615467534","#propagandalive io che cerco di capire che c'√® da ridere nella #topf√ºnf di Constanze https://t.co/odV4UqM4qB","","PropagandaLive (tweet_multimodal)"
"1461851138425303040","Grazie a tutti qui e l√¨.
Grazie a @valerioaprea @Pennacchiiiii @Calibro35 per essere stati con noi.

E grazie a Kasia Smutniak, Diego e Pierfrancesco per averci fatto vedere.

L‚ÄôEuropa siamo noi, nessuno si senta escluso.
Una vergogna senza fine.

A venerd√¨ @La7tv #propagandalive https://t.co/2fb9kyEovd","","PropagandaLive (tweet_multimodal)"
"1461359082934181903","E poi non volete fare neanche una dose.

#18novembre #Maneskin #vaccino #TerzaDoseONiente #terzadose #Booster #musica #Damiano #damianodavid #OMS #propagandalive #Covid https://t.co/OFgdMUuBsa","","PropagandaLive (tweet_multimodal)"
"1461657443302260740","Questa sera faranno #propagandalive insieme a noi anche Valerio Aprea e Andrea Pennacchi. 

Appuntamento alle 21,15 su @la7tv https://t.co/hojcx11UDj","","PropagandaLive (tweet_multimodal)"
"1461800384637415429","Il Nino interessato a #propagandalive nn salta mai una settimana https://t.co/kByOUVH85g","","PropagandaLive (tweet_multimodal)"
"1461825907073687556","Nazionalisti che pattugliano l'area in cerca di migranti

#propagandaeuropa #propagandalive https://t.co/U7zpK87VHF","","PropagandaLive (tweet_multimodal)"
"1462659130418679810","Rosy Bindi al Quirinale? ... Io ce la vedo. #Letta, #Gualtieri, #Zingaretti, @pdnetwork, #agorarai, #mezzorainpiu, #cartabianca, #ottoemezzo, #dimartedi, #Piazzapulita, #propagandalive,  #RosyBindi, #Renzi, #Draghi, #Quirinale, #DomenicaIn, #corrieredellasera,#ANSA,#radiocapital https://t.co/r980X4P82V","","PropagandaLive (tweet_multimodal)"
"1461824605232975873","#propagandalive
@welikeduel 
Quante coltellate nel cuore vedere queste immagini. https://t.co/F0vpiMYMVc","","PropagandaLive (tweet_multimodal)"
"1461813915596341251","C‚Äô√® chi si alza dal letto, chiede spaghetti e #propagandalive anche con la febbre‚Ä¶ Saluti da Gabriele e ovviamente da mamma &amp; pap√†, alias Martina&amp;Andrea‚Ä¶
Dai dopo tanti anni una #VAR ce la meritiamo!!! https://t.co/TcEgW4Dao5","","PropagandaLive (tweet_multimodal)"
"1461793245122416659","Ma la maglietta di Zoro??!! üòç

#propagandalive https://t.co/KTpRkuRWn8","","PropagandaLive (tweet_multimodal)"
"1461803386991529985","#valerioaprea #propagandalive

Ma come ha fatto la vita a superare la catastrofe ambientale causata dalla vita stessa???

@welikeduel https://t.co/2XLyfsAEVk","","PropagandaLive (tweet_multimodal)"
"1461850229200900099","Celata mentre suona Bob Marley‚Ä¶ #propagandalive https://t.co/hqC1uKnhlc","","PropagandaLive (tweet_multimodal)"
"1461635272978964480","üî¥ #KasiaSmutniak in diretta a #Radio2SocialClub con @LbarbarossaLuca e @andyPERRONI

Ascolta su #RaiRadio2 üìª https://t.co/KlqKNNPpx7 
Guarda su @RaiPlay üñ• https://t.co/LGz6g3iTPo https://t.co/6sZ6ykCmbW","","PropagandaLive (tweet_multimodal)"
"1461810922683518982","Il pojana nella vasca da bagno!! ü§£
#pennacchi #propagandalive https://t.co/6Fg7UczXB0","","PropagandaLive (tweet_multimodal)"
"1461811630703001614","Uno sfavillante @Pennacchiiiii ci ricorda che l‚Äôetica con gli sch√©i non c‚Äôentra proprio una mazza üòÇ

#propagandalive @welikeduel https://t.co/qlyFedmFlU","","PropagandaLive (tweet_multimodal)"
"1461835044201410569","Tutta vita stasera in questa casa
Ma io resisto aspettando la Top10  üòÇü§∑üèΩ‚Äç‚ôÇÔ∏è#vardipuntata #propagandaeuropa @welikeduel https://t.co/MMn60pjyXG","","PropagandaLive (tweet_multimodal)"
"1461831045918167040","Bastardi senza gloria

#propagandalive #propagandaeuropa #19novembre https://t.co/7B6ny73diD","","PropagandaLive (tweet_multimodal)"
"1461812152898101250","Festeggiando il compleanno con PROPAGANDA üòçü§©ü•∞üòçü§© 
Mi merito la var come regalo?!ü•∞üòáü•∞üòáü•∞spero di s√¨ ü§©üòéü§òüèª

#propagandalive #vardipuntata #buoncompleanno #regalo @welikeduel @makkox #ForeverYoung https://t.co/iRJr8GeE7W","","PropagandaLive (tweet_multimodal)"
"1462394784568549377","@Ste_Mazzu @BCarazzolo Una volta c'erano Disegni e Caviglia che massacravano DC craxi mafia leghisti e berlusconi e ora c'√® il ""genio"" che gambizza @DaniloToninelli ..mai visto un venduto pi√π venduto di lui. #propagandalive https://t.co/yga1ItwRqi","","PropagandaLive (tweet_multimodal)"
"1461833447446614017","Da Catania a Trondheim a Santiago de Compostela: il venerd√¨ √® sempre @welikeduel #propagandalive https://t.co/3oXNeIT85H","","PropagandaLive (tweet_multimodal)"
"1461824228081164291","Il diritto di essere bambino. Sempre e ovunque

#propagandalive #propagandaeuropa #19novembre https://t.co/8ppwwFdEQM","","PropagandaLive (tweet_multimodal)"
"1461800576434556936","Stasera √® stato fondato il concetto di silenzio retroattivo...

#propagandalive 
@welikeduel https://t.co/kqSI6gciwX","","PropagandaLive (tweet_multimodal)"
"1461800909646798850","Il momento che aspetto di pi√π ...Toninellix.
#propagandalive https://t.co/WwCjNKUFwL","","PropagandaLive (tweet_multimodal)"
"1462040016679489540","immagino che ora nella bio, oltre all'istant blok per i grammar nazi, aggiunger√† anche quello per chiunque abbia nozioni di aritmetica di terza elementare.
#Makkox
#propagandalive
#satirascomoda https://t.co/kS8CPMgsWZ","","PropagandaLive (tweet_multimodal)"
"1461797051554058243","Vorrei dedicare la maglietta di stasera di Diego @zdizoro a #Pillon.
#propagandalive https://t.co/jl8dA8CCFc","","PropagandaLive (tweet_multimodal)"
"1461826337824514054","Altro posto di blocco

#propagandaeuropa #propagandalive https://t.co/LFTg70jB9e","","PropagandaLive (tweet_multimodal)"
"1461951379061329920","#propagandalive fa satira solo sui politici del #m5s e funziona perch√© i soliti noti del pubblico in trasmissione sembrano divertirsi molto e rido anch'io non lo nego, adesso per√≤ facciamoci quattro risate anche su altri personaggi di attualit√† 
Paura? https://t.co/HZ96XNrCre","","PropagandaLive (tweet_multimodal)"
"1461808355400458240","Angelini canta Nena #propagandalive https://t.co/eOKDQ2nDQb","","PropagandaLive (tweet_multimodal)"
"1463128411594006533","Adoro gli spiegoni ai nuovi arrivati come quelli di #propagandalive

 #twittamibeautiful https://t.co/x5Jp4kIo3C","","PropagandaLive (tweet_multimodal)"
"1461818027050156038","Sono zar...lasciatemi vedere la mia trasmissione preferita il venerd√¨ seraüòπüòª@welikeduel #propagandalive  #vardipuntata @zarilgattino #zarilgattino https://t.co/n9I2reD1Qo","","PropagandaLive (tweet_multimodal)"
"1461794098445176836","Maria Grazia Cutuli ‚ù§Ô∏è #propagandalive https://t.co/RsU2l9xpov","","PropagandaLive (tweet_multimodal)"
"1461815064625831942","Bellissima, grande attrice e anche impegnata sui diritti civili! Top! Kasia rasenta la perfezione! Si pu√≤ averla ospite fissa a #propagandalive? #kasiasmurniak @welikeduel https://t.co/EbOPcDvowV","","PropagandaLive (tweet_multimodal)"
"1461809813902577670","Mi torna in mente un giovane Lukas Barbarossen con al di l√† del MURO #propagandalive https://t.co/fWvSNIZZFW","","PropagandaLive (tweet_multimodal)"
"1461817934616141833","Un altro racconto forte. Un altro racconto che apre gli occhi sulla realt√† e lo fa per davvero.

God save @welikeduel!

#propagandalive
#propagandaeuropa https://t.co/YSQ4l0qBVb","","PropagandaLive (tweet_multimodal)"
"1461808311100223489","Fateci vedere i testi in tedesco che legge @roberto4ngelini 

#propagandalive @welikeduel https://t.co/pOg0pLPWNc","","PropagandaLive (tweet_multimodal)"
"1461796387264344073","Beh Letta tiene il libro di Vespa , io avrei scelto il nuovo libro di #marcodamilano 
#ilpresidente 
#spiegonedamilano 
#propagandalive 
@welikeduel https://t.co/vZupa4daKr","","PropagandaLive (tweet_multimodal)"
"1461839773748846598","Kasia Smutniak che potrebbe starsene tranquillamente a casa a godersi i successi della sua carriera, progettando prossimi film che se ne va al confine tra Polonia e Bielorussia davanti ai fucili spianati dei soldati per raccontare la tragedia dei migranti. 

#propagandalive https://t.co/seId3Llj1m","","PropagandaLive (tweet_multimodal)"
"1461940753316384771","Straordinario reportage di #propagandalive in Polonia tra muri di filo spinato, vestiti abbandonati che raccontano storie, attivisti unici rappresentanti di umanit√†,immagini di profughi che non si vedono ma si sentono...tra loro un bambino infreddolito cos√¨ diverso e cos√¨ uguale. https://t.co/ZUS3JuTbBB","","PropagandaLive (tweet_multimodal)"
"1461866608104812544","Felici con lo zio Diego! üéâ
@zdizoro
#propagandalive https://t.co/ZPXgBjhHWb","","PropagandaLive (tweet_multimodal)"
"1461850571007311878","Quando pensi di aver visto tutto...
#propagandalive @welikeduel #propagandaconlestelle https://t.co/5Yi7gHWIwh","","PropagandaLive (tweet_multimodal)"
"1461805463545303043","#propagandalive Questo pezzo potrebbe piacervi...
#COP26Glasgow #Clima #GretaThunberg #ClimateAction 

https://t.co/n4YpYiHmTc https://t.co/5pLLtJWqZr","","PropagandaLive (tweet_multimodal)"
"1461815868413906954","Il primo giorno di universit√† 
#propagandalive https://t.co/mGr5B6mymW","","PropagandaLive (tweet_multimodal)"
"1461836571045470220","Le lucette non sono alberi di natale
√à la polizia che presidia il confine.

#propagandalive @welikeduel #propagandaeuropa https://t.co/8zDemWQleD","","PropagandaLive (tweet_multimodal)"
"1461807946569035779","Costanze che asfalta Diego e Makkoz 

#propagandalive https://t.co/aZjAqtkYxS","","PropagandaLive (tweet_multimodal)"
"1461804675691384838","Vi siete persi questa foto!! 

#propagandalive https://t.co/JQnkUYvBPo","","PropagandaLive (tweet_multimodal)"
"1461807712082268166","Anche avendo perso lo spiegone Damilano, nei momenti di pausa delle atp finals di Torino #propagandalive @welikeduel a rivederci in var! https://t.co/S7Ai3Lja7q","","PropagandaLive (tweet_multimodal)"
"1461813595688378377","Il vero decathlon lo fanno i migranti, zio abebe bikila. Ti amo @Pennacchiiiii
#propagandalive https://t.co/GgeL5AXlni","","PropagandaLive (tweet_multimodal)"
"1461794096515846159","Gerusalemme, siamo due italiani rientrati ieri da Gaza (dove torneremo domenica). Per sentirci un po' pi√π vicini a casa non ci resta che guardare #propagandalive. Dai, su, meritiamo la var di puntata cos√¨ da fare stare pi√π tranquilli amici e parenti. 
@welikeduel https://t.co/qZTViOAhW4","","PropagandaLive (tweet_multimodal)"
"1461813318671347715","Il vero Decathlon √® quello dei migranti.

@Pennacchiiiii efficace con poche parole.

#propagandalive https://t.co/PKLJ5OJyDj","","PropagandaLive (tweet_multimodal)"
"1461849251630272521","La faccia sbarazzina di #PaulCelate che se ne frega della fretta...

#propagandalive
@welikeduel https://t.co/Oln2h3mOs7","","PropagandaLive (tweet_multimodal)"
"1461789802399997957","Ciurmaaaaa! Sciogliete quelle cime, issate le vele! Si parte tra pochissimo per #propagandalive ‚õµÔ∏è

@lluanall4 @Valerio864dd @sambukina87 @MartinaShali92 @IolandaPompilio @ZTiziana
@Maruzzella8710 @AndreaPecchia1 @RosyilCapo @laGrullaP
@ezechiela66 @massiacerbo https://t.co/wMkKahwyoa","","PropagandaLive (tweet_multimodal)"
"1461813348308295681","di fronte a ‚ÄúLa Pojana di Mompracem‚Äù (cit. @Pennacchiiiii ) anche Salgari si star√† sganasciando 

#propagandalive https://t.co/J4OaREJ1lE","","PropagandaLive (tweet_multimodal)"
"1461963200111517696","#Propagandalive i migliori influencer 19/11

@LuisaCMoon
@Barbapapoo
@CatiaMamone
@C0RT0MALT3S3
@IolandaPompilio
@claudio301065
@pasquino2000
@RosyilCapo
@La_manina__
@INGFiore2
@SADIComic
@MargaRevolucion
@valentina_mulas
@fcolliv

i dati qui https://t.co/12J3bOundc https://t.co/ge2BQB23IC","","PropagandaLive (tweet_multimodal)"
"1461794282868772873","Con #Strapparelungoibordi, #Zerocalcare ha fatto veramente ‚Äòna gran cosa

Introspezione collettiva

‚ÄúE allora noi andavamo lenti, perch√© pensavamo che la vita funzionasse cos√¨, che bastava strappare lungo i bordi e tutto avrebbe preso la forma che doveva avere‚Äù

#Propagandalive https://t.co/B1qpIEaAqA","","PropagandaLive (tweet_multimodal)"
"1461803615870402575","‚ÄòE vabb√®, che sar√† mai? So‚Äô du bolle d‚Äôossigeno‚Äô. Fantastico #valerioaprea
#propagandalive https://t.co/2PHZrLnIuV","","PropagandaLive (tweet_multimodal)"
"1461810455995891720","Per tutti quelli che lo pensano, NON E' Damiano dei Maneskin...

#propagandalive https://t.co/bq3BRpKVhz","","PropagandaLive (tweet_multimodal)"
"1461805225740845067","‚ÄúE vabb√©, so‚Äô du‚Äô bolle‚Äù.
La tragedia dell‚Äôambiente raccontata con l‚Äôironia amara del grandissimo #valerioaprea ‚ô•Ô∏è

#propagandalive @welikeduel https://t.co/S1o5HZD5A3","","PropagandaLive (tweet_multimodal)"
"1461793629572321295","Preparasi al prossimo lockdown come abbiamo finito l‚Äôultimo. Ciao da Vienna @welikeduel #propagandalive  Ciao Pap√† https://t.co/WbmgO83ypy","","PropagandaLive (tweet_multimodal)"
"1461872440477368323","√à impossibile fermare la pandemia con il #vaccino. Non ci resta che la via della #CURA üåø. #Rotterdam #nogreepass #greenpass #Crisanti #vaccini #Covid_19 #lockdown #Germania #Austria #propagandalive https://t.co/hF9tkHRJHg","","PropagandaLive (tweet_multimodal)"
"1461824079850348544","Accogliamo e proteggiamo chi fugge da guerre, violenza e povert√†. üü¢
#lanterneverdi #greenlight #propagandaeuropa #propagandalive @LaSmutniak https://t.co/tfHDMGf06O","","PropagandaLive (tweet_multimodal)"
"1461796566373707782","Oggi la maglietta di zoro √® PERFETTAüòÇüòÇüòÇ
#RHPS #maneskin #pillon
#propagandalive 
@welikeduel 
@zdizoro https://t.co/DCf89neQsE","","PropagandaLive (tweet_multimodal)"
"1462356068302999552","Non vi √® sfuggito, vero, che #propagandalive, pi√π o meno, sta per ""propaganda viva""? https://t.co/X14tF9FuNN","","PropagandaLive (tweet_multimodal)"
"1461794373398630414","Il premio Cutuli assegnato a Zaki...che bella notizia üåπ
#MariaGraziaCutuli
#PatrickZaki 
#propagandalive https://t.co/Nq1n8Eh9nY","","PropagandaLive (tweet_multimodal)"
"1461797412100620289","A 10 giorni Ryo √® pronto ad ascoltare il suo primo spiegone! Se la merita la Var di puntata?! üòç
@welikeduel #vardipuntata #propagandalive https://t.co/MHc3WRGmfn","","PropagandaLive (tweet_multimodal)"
"1461675713770176512","E col super green pass entriamo direttamente nel mondo di Dragon ball.

#19novembre #greenpass #GreenpassObbligatorio #supergreenpass #vaccino #quartaondata #DragonBall #oms #propagandalive https://t.co/aqaZpzo8MQ","","PropagandaLive (tweet_multimodal)"
"1461823467393884162","√à un Dio che √® morto
Nei campi di sterminio, Dio √® morto
Coi miti della razza, Dio √® morto
Con gli odi di partito, Dio √® morto. 

#propagandalive 
#propagandaeuropa https://t.co/OYsXVBrGwM","","PropagandaLive (tweet_multimodal)"
"1461802194437607425","Toninelli: ""Grazie a #propagandalive""

Tutti noi:

@welikeduel https://t.co/EUQVC65ZQK","","PropagandaLive (tweet_multimodal)"
"1461794343975636995","#propagandalive #Giordano #Conte LO SCONTRO tra #sallusti e #Travaglio di STASERA mi ha FATTO RIDERE IN UNA MANIERA ASSURDA, il povero #sallusti dopo essere stato SPUTTANATO ALLA GRANDE √® diventato ROSSO COME UN ""PUPARUOLO""!üòÇüòÇLETTERALMENTE DISTRUTTO! l'argomento era LA MERKEL https://t.co/8h8L9zLwRT","","PropagandaLive (tweet_multimodal)"
"1461834110926831623","#Parigi val bene un #Vaccino  #Paris #19novembre #TourEiffel #Francia #Covid_19 #GreenPassPremium #GreenpassObligatorio #lockdown #propagandalive #COVID19 #ObbligoVaccinale #bastapagliacciate #vaccinoobbligatorio https://t.co/tQSAuBivxL","","PropagandaLive (tweet_multimodal)"
"1461794048335917066","#propagandalive vi prego, regalate questa maglietta a pillon! üòÅ https://t.co/H0iGJtAA7E","","PropagandaLive (tweet_multimodal)"
"1461846528495177733","Chi di meme colpisce‚Ä¶
@welikeduel #propagandalive https://t.co/dE0WzNEKPP","","PropagandaLive (tweet_multimodal)"
"1461824516678688774","""Quando aiuti gli altri devi camminare lungo una linea molto stretta, tra ci√≤ che √® legale e ci√≤ che √® illegale, e devi cercare di non scivolare dalla parte dell'illegalit√†"". Mi viene in mente #MimmoLucano, e tutti quelli che percorrono quella strada stretta.
#propagandalive https://t.co/od2UiQ6UAU","","PropagandaLive (tweet_multimodal)"
"1461791745616797698","Ma ha qualche problema con gli orologi????
#ottoemezzo a cazzeggio attendendo #propagandalive https://t.co/s3YarmOkKJ","","PropagandaLive (tweet_multimodal)"
"1461807847801503752","Quando balli senza conoscere il testo tristissimo e serio delle canzoni che passano in discoteca. #propagandalive https://t.co/1Lcc5KEubV","","PropagandaLive (tweet_multimodal)"
"1461825710557995010","Tutta questa miseria e disperazione pu√≤ contare sul solo aiuto di persone eccezionali che decidono di non tirarsi indietro e fare il possibile, mentre da dove si potrebbe decidere di salvarli tutti si sente solo silenzio. 
#propagandalive
#propagandaeuropa https://t.co/3Ckoz8MqnO","","PropagandaLive (tweet_multimodal)"
"1461839459423600646","Reportage incredibile e non cialtrone. 
Radio Varsavia di Battiato una perla  finale.

#propagandalive https://t.co/KLizf87EbT","","PropagandaLive (tweet_multimodal)"
"1461830043995455490","Non importa se abbiano un cappotto o un salvagente, o da cosa fuggono. 
Sono bambini a cui noi abbiamo l'obbligo morale di offrire un futuro migliore.
Quando abbiamo dimenticato di essere umani?
#propagandalive
#propagandaeuropa https://t.co/Nw7WLE37e2","","PropagandaLive (tweet_multimodal)"
"1461809481503891464","L'Europa üá™üá∫ non ha investito sulla CURAüåø perch√© la cura risolve il problema. #vaccinoobbligatorio #nogreepass #greenpass #Crisanti #vaccini #Covid_19 #lockdown #Germania #Austria #propagandalive #fratellidicrozza https://t.co/rltbRVVhxi","","PropagandaLive (tweet_multimodal)"
"1461820832490172421","Se questa √® l'Europa. 

#propagandalive
#propagandaeuropa https://t.co/bCVzlGqYmb","","PropagandaLive (tweet_multimodal)"
"1461832660653948936","Chi permette che tutto questo accada, chi √® complice con i propri silenzi e la propria inerzia, chi soffia sul fuoco inneggiando all'odio etnico e mettendo le persone le une contro le altre, chi parla di confini e difesa: riesce a dormire stanotte? 

#propagandalive https://t.co/mPfo2jpj7J","","PropagandaLive (tweet_multimodal)"
"1461997093883682819","Realizzato il sogno di una vita. Direttamente nel curriculum @welikeduel @makkox @zdizoro #propagandalive https://t.co/JLhgVWwSHL","","PropagandaLive (tweet_multimodal)"
"1461796673919795212","@zdizoro occhio co ste maglie che poi @SimoPillon se la prende pure con te #propagandalive #maneskin @welikeduel @maneskinpage https://t.co/1AbZyBiY90","","PropagandaLive (tweet_multimodal)"
"1461814187764723719","Quasi 4.000 Km di distanza, 3 ore di fuso in pi√π ma a @welikeduel non si rinuncia mai. Saluti da Tbilisi üá¨üá™ Puntiamo alla  #vardipuntata. #nonsimollaunToninellix #propagandalive @makkox @Pennacchiiiii @zdizoro https://t.co/C3m8IKDnLJ","","PropagandaLive (tweet_multimodal)"
"1461854236258545678","#Leopolda11 #RenziFaiSchifo #RenziRispondi #Conte #propagandalive #ItaliaViva 
Girano VOCI che alla #Leopolda11 le NUOVE LEVE si stanno DIVERTENDO UN MONDO! https://t.co/WMr8jPuPyw","","PropagandaLive (tweet_multimodal)"
"1461810498459086854","Oggi sono 44! Festeggiati alla grande anche con tutti voi!!! Var di regalo? üòâüòÇ #propagandalive @welikeduel https://t.co/bzgVSnlU1N","","PropagandaLive (tweet_multimodal)"
"1461830615242842117","E anche stasera #propagandalive sta facendo il vero servizio pubblico. 
#propagandaeuropa @welikeduel https://t.co/EXkwFftdgF","","PropagandaLive (tweet_multimodal)"
"1461819264575361034","Diego che impreca in polacco perch√© non ha l‚Äôalbergo‚Ä¶

#propagandalive @welikeduel https://t.co/cK0NpERkw6","","PropagandaLive (tweet_multimodal)"
"1461814323953688583","Ecco... √à arrivato il pacco da gi√π! Qui a Roma siamo in due. Credo basti per un po' üòÇüòÇ#vardipuntata #propagandalive https://t.co/VkgX6TMAUe","","PropagandaLive (tweet_multimodal)"
"1461830170604720132","Che accoglienza di mer.a in Bielorussia! ü§£ #propagandalive @welikeduel https://t.co/tT8vQO40iM","","PropagandaLive (tweet_multimodal)"
"1461827313776177152","Cacciatori di disperati

#propagandalive @welikeduel #propagandaeuropa https://t.co/gPUr8i9MkH","","PropagandaLive (tweet_multimodal)"
"1461826006440947715","Sconcertante reportage di @zdizoro, PF e #kasiasmutniak sui fatti al confine in #Polonia.
Una enorme crisi umanitaria la cui soluzione appare ancora estremamente lontana e complicata. 
Parlarne il pi√π possibile √® la sola cosa che si pu√≤ fare, grazie #propagandalive #BastaViolenza https://t.co/qAZsXDhBrx","","PropagandaLive (tweet_multimodal)"
"1461803938014023684","Chi inquina di pi√π? i cinesi o gli americani? Ha ragione Toninelli come lo spiega bene la vignetta di @makkox a #propagandalive https://t.co/I98OeIJP0Z","","PropagandaLive (tweet_multimodal)"
"1461827021126963203","32 anni dopo la caduta del Muro di Berlino, che era considerato la vergogna d'Europa, si vuole un altro Muro. Che sar√† una vergogna d'Europa. 
#Kasia lo dice chiaro e forte: ""Contraddice l'idea d'Europa"".
#propagandalive 
#propagandaeuropa https://t.co/WaaOd6QwjX","","PropagandaLive (tweet_multimodal)"
"1461796672833478665","Eppure ce lo vedo come cavaliere di Gran croce della contessa Mazzantiviendalmare!!!

#Propagandalive
@welikeduel https://t.co/3mEZgq8I1U","","PropagandaLive (tweet_multimodal)"
"1461799386841849867","#BastaViolenza contro i migranti tra #Polonia e #Bielorussia!  #propagandalive
@welikeduel

https://t.co/ucVovULxly https://t.co/wDdCJi7CXf","","PropagandaLive (tweet_multimodal)"
"1461823172429365249","In questa foto c'√® tutto... 
#propagandalive #propagandaeuropa 

@welikeduel https://t.co/tivbzWqWln","","PropagandaLive (tweet_multimodal)"
"1461796616130678789","ma qui di maio faceva il paggetto? #propagandalive https://t.co/tu4mdxhUUg","","PropagandaLive (tweet_multimodal)"
"1461803934637596680","""√à pi√π facile respirare un veleno che smettere un'abitudine letale""
Quanta verit√† in queste parole di @valerioaprea 

#propagandalive @welikeduel #valerioaprea https://t.co/ltjO8peKDd","","PropagandaLive (tweet_multimodal)"
"1461822963213295629","Questa non √® Europa.
Questo √® inferno.
#propagandalive #propagandaeuropa @welikeduel https://t.co/sy8n97IpKV","","PropagandaLive (tweet_multimodal)"
"1461763721466982410","Stasera mi sarei potuta guardare #propagandalive subito dopo #afterdragrace nella caxxo della pace e invece mio marito invita gente a cena ‚Ä¶ https://t.co/EVLOXlqm5k","","PropagandaLive (tweet_multimodal)"
"1461798480234614786","Le grandi citt√† che dimostrano quello che siamo stati e che potremo ritornare. Di Maio mi cita il grande Tiziano. #propagandalive https://t.co/n7xmksmMWB","","PropagandaLive (tweet_multimodal)"
"1461814112976084995","Giorgia, la vedi la matrice?
#FratellidItalia per le donne, mentre difendono #Signorini ci consigliano i cavalli.
#propagandalive https://t.co/eQt27b4c7l","","PropagandaLive (tweet_multimodal)"
"1461798374475280393","Volete vedere ""Si dividono invano"" di #CarlaAccardi, di cui ha parlato #Damilano a #propagandalive?

Dal 26/11 #CollezioneFarnesina riapre al pubblico e vi aspetta con i suoi capolavori di #arte contemporanea! Info‚û°Ô∏è https://t.co/5Qz4E3IfQF 

@TouringClub @ItalyMFA #italianart https://t.co/Ik1hKUrqFf","","PropagandaLive (tweet_multimodal)"
"1461792099913945091","""prof,cosa facciamo stasera?""
""Quello che facciamo tutti i venerd√¨ Mignolo: cercare di finire in var""

#propagandalive
#vardipuntata

@welikeduel https://t.co/rcuDh0JeEI","","PropagandaLive (tweet_multimodal)"
"1461794461122498561","Premio Cutuli assegnato a #PatrickZaki
 #spiegonedamilano. ü•∫

#propagandalive 
@welikeduel https://t.co/2aJ1nP3a3R","","PropagandaLive (tweet_multimodal)"
"1461825404474466317","@welikeduel @makkox Dalle Ande alle piramidi, dal Manzanarre al Reno, Propaganda pure in terra del forestiero! Da Parigi con amoreüíú. #propagandalive https://t.co/yazCcI6IFh","","PropagandaLive (tweet_multimodal)"
"1461853123073425412","No ma, ragazzi, va bene tutto, la bravura, l'intelligenza, la simpatia, la sensibilit√† sociale, ora anche giornalista inviata credibile e coinvolgente, l'umilt√† che solo i fuoriclasse posseggono realmente... Ma #kasiasmutniak √® cmq, ancora, di una bellezza imbarazzante e unica. https://t.co/8iBFNrgLSF","","PropagandaLive (tweet_multimodal)"
"1461803809810833412","Il futuro in diretta.
#valerioaprea
#propagandalive @welikeduel https://t.co/VitrYaS9NT","","PropagandaLive (tweet_multimodal)"
"1461963020620513282","#Propagandalive i migliori influencer 19/11

@PrecariUnitiCNR
@La7tv
@rumba_magica
@aforista_l
@MichelaMeloni1
@grazianorossi
@LaSkilly
@mmax_g
@StefyPelle
@illusioneottica
@SoldatinoA
@annabocella
@MarTer_13
@13mari81 
@fabrizio19651

i dati qui https://t.co/12J3bOundc https://t.co/TdK2RNsYp7","","PropagandaLive (tweet_multimodal)"
"1461797816582524937","Dite a Di Maio che a Sorrento ci facevano i Grandi Tour nel 1700. #propagandalive https://t.co/bwoGYmFdYR","","PropagandaLive (tweet_multimodal)"
"1461796822696050688","il cavaliere #dimaio 
#propagandalive https://t.co/2uX4YCEdS4","","PropagandaLive (tweet_multimodal)"
"1461802830839353350","Lugano - Polesine con le dirette di Toninelli. Grazie @welikeduel #propagandalive #Var https://t.co/scGqYtbTK3","","PropagandaLive (tweet_multimodal)"
"1461839041641558020","Non vedevo un reportage cos√¨ ben fatto da molto tempo.
@zdizoro @welikeduel #propagandaeuropa #Propagandalive https://t.co/3XXM1mtj5f","","PropagandaLive (tweet_multimodal)"
"1461820670585847819","I #lavoratori #precari #CNR seguono #propagandalive dalla #sede centrale di #Roma durante il #presidio permanente iniziato ieri dopo che la dirigenza dell'#Ente ha informato le organizzazioni sindacali che le #stabilizzazioni #Madia non saranno concluse. #bastaprecariatodistato https://t.co/Xx89uKBmYi https://t.co/W8oJtxEC3i","","PropagandaLive (tweet_multimodal)"
"1462026428661260293","Ho scoperto l'esistenza di farmacie #novax. Mi chiedo, considerata la spropositata pericolosit√† dei farmaci rispetto al vaccino, vendono solo ziguli? 
ü•≥
#Rotterdam
#Olanda
#vaccinoobbligatorio
#lockdown
#RadioLeopolda
#propagandalive
#Covid_19 
#novax 
#NoGreenPass 
#VioliNation https://t.co/Z9xXSEqKZX","","PropagandaLive (tweet_multimodal)"
"1461797836090130440","Oxford, stasera ho rifiutato di andare a prendere una birra, non per studiare, per guardare #propagandalive. Merito un #vardipuntata Daje Diego viecce a trov√† alla Oxford University Italian Society @OUItaSoc che semo mezzi matti e famo anche vedere zero calcare @welikeduel https://t.co/UIz5Cyc7Bg","","PropagandaLive (tweet_multimodal)"
"1461794646678544385","Oggi la maglietta di Zoro √® dedicata a Freddie/Damiano‚Ä¶ Diego non delude mai.

#propagandalive @welikeduel https://t.co/F4pZ7YpZ9Z","","PropagandaLive (tweet_multimodal)"
"1461798188638212109","Che bello il turismo con #DiMaio!
Il Ministro ci porta a scoprire i luoghi pi√π segreti e sconosciuti d‚ÄôItalia, come Venezia, Firenze, Sorrento e Matera. 
Grazie #DiMaio üòç

#propagandalive @welikeduel https://t.co/MImEC2C6lz","","PropagandaLive (tweet_multimodal)"
"1461811983918022661","@Pennacchiiiii testimonial del #GlobalWarming. La manica corta, a novembre inoltrato, per parlare di #Manica.
#propagandalive 
@welikeduel https://t.co/GaVeSITTqM","","PropagandaLive (tweet_multimodal)"
"1461801507473477638","Toninelli: ""Grazie a #propagandalive""

La reazione di Zoro: https://t.co/XQwh28XmaR","","PropagandaLive (tweet_multimodal)"
"1462014650040696835","Occhio che oggi il genio #Makkox √® cos√¨ nervoso che vi blocca anche se mettete like a un tweet che lo critica ü§£ü§£ü§£ü§£ü§£
#propagandalive #Toninelli https://t.co/G6Vp8F4UPy","","PropagandaLive (tweet_multimodal)"
"1461802998372487184","@makkox @zdizoro Ahim√®, forse Toninelli non ha detto una cretinata... #emissioneprocapite #propagandalive https://t.co/B7n2rkPh9E","","PropagandaLive (tweet_multimodal)"
"1461825311583186949","Abbiamo appena visto il salvataggio di un bambino, ma a quanti √® toccata una sorte diversa?

#propagandalive #propagandaeuropa https://t.co/hImCkupro2","","PropagandaLive (tweet_multimodal)"
"1461813289374175239","#KyleRittenhouse assolto #legittimadifesa
A #propaganda #propagandalive stanno a rosica'...üòé
 https://t.co/pqpy858jQn https://t.co/3H4jNT0whU","","PropagandaLive (tweet_multimodal)"
"1461810370629279751","Ma perch√® m‚Äôavete snobbato i #kraftwerk?

#propagandalive https://t.co/4eMsHCyFRG","","PropagandaLive (tweet_multimodal)"
"1461815082829103114","La Pojana di Mompracem, di cui abbiamo una diapositiva:
#propagandalive #andreapennacchi https://t.co/wXQtlMXjVn","","PropagandaLive (tweet_multimodal)"
"1461815039808221186","Sono davvero curiosa e allo stesso tempo non vorrei guardare ma non si possono chiudere gli occhi alla sofferenza. Anzi bisogna aprirli per comprendere meglio e saper aiutare.
#propagandalive #propagandaeuropa #kasiasmutniak @welikeduel https://t.co/WpRwIFet8x","","PropagandaLive (tweet_multimodal)"
"1462017107412103168","Vab√®, capisco tutto ma che #makkox mi blocchi mi pare esagerato. #propagandalive https://t.co/fSSk7eh9jZ","","PropagandaLive (tweet_multimodal)"
"1461823952335126528","Minacce, macchine distrutte, ruote bucate.
L'Europa non √® solidale e non permette a nessuno di esserlo...

#propagandalive @welikeduel #propagandaeuropa https://t.co/nkenHW04KN","","PropagandaLive (tweet_multimodal)"
"1461787043932086276","E se l‚Äôattesa di #propagandalive fosse essa stessa propaganda?
@welikeduel @SimoneCoco19 https://t.co/VTYJYf4wkk","","PropagandaLive (tweet_multimodal)"
"1461803468100931586","Per gli esseri viventi √® pi√π facile imparare a respirare un veleno che smettere una abitudine letale 

#valerioaprea #propagandalive https://t.co/r3OGWQ7JRh","","PropagandaLive (tweet_multimodal)"
"1461840622994788355","Sempre buona musica in q ie lo studio #calibro35 #propagandalive https://t.co/BN8xWygYch","","PropagandaLive (tweet_multimodal)"
"1461654322178056196","Grazie a #KasiaSmutniak e @Calibro35 per essere stati con noi a #Radio2SocialClub

Rivedi la puntata luned√¨, #22Novembre, alle 8:45 su @RaiDue üñ•  https://t.co/hxeaaN6fTJ https://t.co/xLs5r8ZDo8","","PropagandaLive (tweet_multimodal)"
"1461793842454315014","Facciamo che stasera l'hashtag #BastaViolenza contro i migranti tra #Polonia e #Bielorussia lo mandiamo in TT e su #propagandalive? 

@RosyilCapo @mariagiorgiavit https://t.co/ApqBwlMrAw","","PropagandaLive (tweet_multimodal)"
"1461811922618273804","Comunque aveva ragione Toninelli. #propagandalive https://t.co/tiw6vAmASE","","PropagandaLive (tweet_multimodal)"
"1462634381940596742","In attesa che accada anche da noi a Rotterdam la polizia spara sulla folla per ""salvare il Natale"" #Rotterdam #greenpass #COVID19 #vaccinoobbligatorio #propagandalive #supergreenpass https://t.co/2KFJ3jGtFo","","PropagandaLive (tweet_multimodal)"
"1461830281837559811","@PrecariUnitiCNR @CNRsocial_ @giuseppecolpan1 @profdalessandro @MessaCristina @mur_gov_ @FLCCGIL @CislNazionale @uilruacnr @La7tv @TgLa7 #Propagandalive invitate i #lavoratori #precari del pi√π grande #Ente di #ricercapubblica #italiano e anche la #Presidente @MC_Carro: forse @zdizoro riuscir√† a scoprire perch√© 400 #colleghi a breve saranno disoccupati nonostante le #promesse del DG #CNR. #bastaprecariatodistato https://t.co/pZiZUp6QNu","","PropagandaLive (tweet_multimodal)"
"1461810977901527040","Ho aperto Shazam mentre cantava Angelini in tedesco e mi √® uscito questo‚Ä¶
 #propagandalive https://t.co/kzYZCEZPEE","","PropagandaLive (tweet_multimodal)"
"1462127981732765704","Un #senatoresemplice, in #parlamento anche #grazie al mio voto al #Pd, difende il suo #mandato da ogni #vincolo üëèüëèüëè Anche dal #vincolo della #decenza??? üò≥üò≥üò≥#Leopolda11 #Leopolda @matteorenzi #ItaliaViva #propagandalive #nobrain #NoBrainer https://t.co/rMNLV7Qvoe","","PropagandaLive (tweet_multimodal)"
"1461809541662789634","Constanze For President 
@creuscher #propagandalive https://t.co/7ptYpM8maE","","PropagandaLive (tweet_multimodal)"
"1462367023946776578","Alla #Leopolda  di #Renzi  le donne tornano finalmente al centro della politica. E parlano dei diritti civili in #Arabia Saudita.

#propagandalive #Leopolda11 https://t.co/TW18BBJG9B","","PropagandaLive (tweet_multimodal)"
"1461812136670375944","Che casso c'entra l'etica coi skei! @welikeduel @zdizoro @makkox @SalernoSal #pennacchi #propagandalive https://t.co/jnwMx2o5pb","","PropagandaLive (tweet_multimodal)"
"1461627858334502913","Ma niente niente stasera @welikeduel ce fa na bella sorpresa co @zerocalcare ? 
#propagandalive https://t.co/83zPWVO6P2","","PropagandaLive (tweet_multimodal)"
"1461778430891106315","Tra poco parte la #leopolda11 : la prima foto di gruppo.

#renzi #leopolda #propagandalive #ottoemezzo https://t.co/teovayky9W","","PropagandaLive (tweet_multimodal)"
"1461809242311213065","Chiss√† se per un tedesco come @creuscher sentire @roberto4ngelini che canta in tedesco 99 luftballons ha fatto lo stesso effetto che abbiamo avuto noi italiani con ""ciao 2020!""
#propagandalive https://t.co/sy9EdT3tUD","","PropagandaLive (tweet_multimodal)"
"1461799586251657216","Venerd√¨ gattini con una Cleo un po‚Äô assonnata che per√≤ non rinuncia a guardare #propagandalive insieme a me https://t.co/D6jQDtSVIh","","PropagandaLive (tweet_multimodal)"
"1461826706524839936","Ogni bambino meriterebbe di guardare in un posto sicuro i suoi cartoni animati preferiti.

#kasiasmutniak
#propagandalive
#propagandaeuropa
@welikeduel https://t.co/6udLQ9GO9b","","PropagandaLive (tweet_multimodal)"
"1461838023591665666","#propagandalive
#propagandaeuropa
#sovranismo al potere genera mostri. https://t.co/eMl5o9CH1e","","PropagandaLive (tweet_multimodal)"
"1461805644865060868","Io che vado in Trentino a sgranchirmi le pinne

#propagandalive
#valerioaprea https://t.co/21yqHGtlvy","","PropagandaLive (tweet_multimodal)"
"1461804520430784512","Toninellix ormai tra le migliori serie...anche per @zerocalcare
#propagandalive https://t.co/CObVrauJ2M","","PropagandaLive (tweet_multimodal)"
"1461802055304200201","In pratica un Sanmarinese scorreggia a palla #propagandalive https://t.co/uuvaBWrvdQ","","PropagandaLive (tweet_multimodal)"
"1461811095367266310","√à morta pi√π gente sul tapis roulant che sulla canoa #pennacchi #propagandalive https://t.co/HlKIoFUVsQ","","PropagandaLive (tweet_multimodal)"
"1461811281573425159","Compagno Zoro oggi √® il mio compleanno! Saluti da Kuma!
#propagandalive
#vardipuntata https://t.co/zPCUd7Lq4t","","PropagandaLive (tweet_multimodal)"
"1461842586663112718","Questa fa male al cuore. #propagandalive https://t.co/59Pl6NiImR","","PropagandaLive (tweet_multimodal)"
"1461807401288585222","Moscow mule e #propagandalive. https://t.co/bDDYxZNsxN","","PropagandaLive (tweet_multimodal)"
"1461815724897452041","oltre la maglietta...@zdizoro @welikeduel
(andava fatto)
#propagandalive https://t.co/UeHELwIYei","","PropagandaLive (tweet_multimodal)"
"1461803908284796932","Toninelli su Propaganda: Va in onda‚ÄúMi pare‚Äù su La7‚Ä¶. #propagandalive https://t.co/vsWSFaUjh9","","PropagandaLive (tweet_multimodal)"
"1461792960895406089","Ma ora che Michele ha finito di #StrappareLungoIBordi, torner√† presto come ospite a #propagandalive vero??? 

@welikeduel 
@zerocalcare https://t.co/Byk6UFYLA9","","PropagandaLive (tweet_multimodal)"
"1461804037490282502","E niente, qui da luned√¨ lockdown ragazzi! Io, mio fratello che √® venuto a trovarmi e Propaganda a Vienna! #valerioaprea #propagandalive #var https://t.co/IzsC5PLdej","","PropagandaLive (tweet_multimodal)"
"1461836814638059526","Piccoli telespettatori crescono! #propagandalive @welikeduel quando √® nato non siamo finiti in var, ma stasera riteniamo. Magari saremo pi√π fortunati! https://t.co/B6EsJwwjNX","","PropagandaLive (tweet_multimodal)"
"1461805677790351361","#valerioaprea presenta Superquark #propagandalive https://t.co/i1QRJ7qFzy","","PropagandaLive (tweet_multimodal)"
"1461809274431148034","Questi sono i miei genitori mentre guardano animatamente #propagandalive 
(questo tweet non √® stato postato contro la loro volont√†, forse) https://t.co/DS9n7W94y7","","PropagandaLive (tweet_multimodal)"
"1462005235782754309","#propagandalive, a makkox bisogna spiegargli le sue stesse cantonate, per√≤ quello scemo √® toninelli e tutti i 5s, lui invece √® un gegno! https://t.co/Xwb8TqaVdX","","PropagandaLive (tweet_multimodal)"
"1461823030058012678","Perch√© l‚ÄôUmanit√† non la fermer√† nessuna frontiera #propagandaeuropa #propagandalive https://t.co/N1LTRo6zLS","","PropagandaLive (tweet_multimodal)"
"1461827110520209418","Vi chiedo una cortesia: guardate, se potete, #propagandalive, adesso.
Direttamente dal confine Polonia - Bielorussia.

#propagandaeuropa @welikeduel @quelloditermoli @LaSmutniak https://t.co/qIHtOpeDk8","","PropagandaLive (tweet_multimodal)"
"1461823274413867009","Non servono parole per descrivere il reportage di #propagandalive al confine tra #Polonia e #Bielorussia
Dovremmo tutti chiedere scusa a quegli esseri umani https://t.co/zcEMRgSBpJ","","PropagandaLive (tweet_multimodal)"
"1461802797612126218","Per una volta che Toninelli aveva detto una cosa sensata...
Boh.
#propagandalive https://t.co/0xkzmXhs1i","","PropagandaLive (tweet_multimodal)"
"1462031917394583554","s'√® offeso, povero batuffolo. #makkox #propagandalive #satirascomoda https://t.co/8XmaFstPoV","","PropagandaLive (tweet_multimodal)"
"1461813459054649344","#propagandalive @welikeduel Brava Costanze! Noi, agosto 1987 quando c‚Äôera ancora QUEL muro. A 20 anni quanto ci serv√≠ quel viaggio e riuscire a dare anche solo per qualche ora uno sguardo di l√†‚Ä¶ https://t.co/UjEnGIUtzi","","PropagandaLive (tweet_multimodal)"
"1461837435030102021","#propagandalive #propagandaeuropa La bellezza straordinaria di @LaSmutniak risiede principalmente nella sua anima üáµüá±‚ô•Ô∏è@welikeduel @zdizoro #vardipuntata https://t.co/8RcjdzXNYz","","PropagandaLive (tweet_multimodal)"
"1461997976239419398","√à tutto quasi pronto.

#20novembre #GreenPassPremium #supergreenpass #GreenpassObligatorio #OMS #Covid_19 #Covid #coronavirus #propagandalive #quartaondata https://t.co/cSLVpBalnB","","PropagandaLive (tweet_multimodal)"
"1462375166630051841","Nel frattempo #Berlusconi elogia il #redditodicittadinanza. First reaction, shock

#Renzi #Leopolda #Leopolda11 #Salvini #Meloni #Lega #propagandalive #FratellidItalia #ItaliaViva https://t.co/YxgLVtbuXC","","PropagandaLive (tweet_multimodal)"
"1461815980003368983","Primo tweet e prima puntata di Alessandro! ‚ù§Ô∏èCi meritiamo la VAR.. Se non sbaglio gli hastag..üòÖ @welikeduel #propagandalive #VAR #vardipuntata https://t.co/L9LATFvCLe","","PropagandaLive (tweet_multimodal)"
"1461962701056491527","#Propagandalive i migliori influencer 19/11

@welikeduel
@manginobrioches
@M49liberorso
@siriomerenda
@mariannaaprile
@SalernoSal
@AndreaPecchia1
@AlbertoLetizia2
@LauraLuthien86
@samuelevegna
@Valerio864dd
@CucchiRiccardo
@VincePastore
i dati qui https://t.co/12J3bOundc https://t.co/Y7cDPpgvJg","","PropagandaLive (tweet_multimodal)"
"1461802549695197198","Io attentissima per lo spiegone Schianchi.
#propagandalive https://t.co/A7lNgKxgdn","","PropagandaLive (tweet_multimodal)"
"1461793713345208331","#propagandalive Dall' Olanda in lockdown parziale, cosa c'√® di pi√π bello che trascorrere il mio venerd√¨ sera cos√¨?... A dirla tutta, per me non cambia nulla, il mio venerd√¨ √® sempre cos√¨, Propaganda Live addicted üòä https://t.co/klaXnReGKg","","PropagandaLive (tweet_multimodal)"
"1461839503677603846","√® tutta la sera che sto immaginando Celata vestito da Marinaretto come il cugino di campagna alle sue spalle #propagandaeuropa #propagandalive https://t.co/MV3xS6VZCy","","PropagandaLive (tweet_multimodal)"
"1461239697217409030","Invito tutti a sostenere l‚Äôiniziativa di Cristina e Valentino ‚ù§Ô∏è
Forse non tutto √® perduto
Macelleria La Bottega di Valentino - Via Lampedusa 13 - Roma Montesacro
@zdizoro @RadioCapital_fm #propagandalive #movimentoarturo https://t.co/L4RvIEycqk","","PropagandaLive (tweet_multimodal)"
"1461798527403712516","Qui l'ombrello un po' mi ha ricordato ""Oltre il giardino""...

#propagandalive https://t.co/u5mmTLYEtp","","PropagandaLive (tweet_multimodal)"
"1461804748915580930","Per du gocce #valerioaprea #propagandalive https://t.co/3HGyfghZUo","","PropagandaLive (tweet_multimodal)"
"1461804768754548740","Un grazie a @welikeduel per avermi fatto conoscere Toninellix...con soli 5,99 mensili ho seguito delle serie interessanti come La Casa di Latta, La Regina degli Sciocchi, Squid Game of Thrones e la bellissima serie di Stop al Calcare, l'ultimo intellettuale di #propagandalive https://t.co/VCdxfJws1z","","PropagandaLive (tweet_multimodal)"
"1461812344288337927","Pezzo bellissimo come al solito di @Pennacchiiiii, fatto tra l'altro fuori al freddo in maniche corte mentre dentro @zdizoro sta sul palco con la doppia maglietta.. cosa non fanno prosecco e grappa! #pennacchi #propagandalive https://t.co/CTbJwpHozT","","PropagandaLive (tweet_multimodal)"
"1461860214374899713","Dream come true. ‚ù§Ô∏è @paolocelata 

#propagandalive @welikeduel https://t.co/GMVLjTOqO7","","PropagandaLive (tweet_multimodal)"
"1461808444126674949","Le mie trasgressive serate con #propagandalive https://t.co/BBQ2YIMw3l","","PropagandaLive (tweet_multimodal)"
"1461807341368664064","Insomma a @creuscher nun je deve cac√† er ...

#propagandalive 
@welikeduel https://t.co/ZFlBIa0TOk","","PropagandaLive (tweet_multimodal)"
"1461794063984865286","Il Premio Cutuli a Patrick Zaki 
#propagandalive https://t.co/n4zBEZgcn0","","PropagandaLive (tweet_multimodal)"
"1461826774397067273","non si pu√≤ nel 2021 vedere queste scene...non si pu√≤...non si pu√≤...perch√© siamo arrivati a questo...perch√©? Piango...questa cosa mi devasta...
#propagandalive #propagandaeuropa https://t.co/sCp64bVFLQ","","PropagandaLive (tweet_multimodal)"
"1461963572678959107","#propagandalive gli account con pi√π post

@SignorAldo
@LauraLuthien86
@Devabole
@ezechiela66
@AndreaPecchia1
@Dan_skorpio87
@ZPeppem
@welikeduel
@IolandaPompilio
@il_Conte78
@RosyilCapo
@Valerio864dd
@cieffeppi
@Andrea__Zar
@GrossoMarty494
@fcolliv
i dati https://t.co/12J3bOundc https://t.co/gMlwu6AL2t","","PropagandaLive (tweet_multimodal)"
"1461796122498895876","Stasera a #propagandalive @welikeduel @zdizoro non poteva scegliere maglia #LaDouce migliore üòç #TimCurry del 1975 che imita #DamianoDavid del 2021 che poi tutti hanno copiato i #Cuginidicampagna e non si scappa üíã #M√•neskin ‚ù§Ô∏è https://t.co/bWaqbguvAw","","PropagandaLive (tweet_multimodal)"
"1461812244551979012","""Il vero decathlon lo fa il migrante""
#pennacchi in versione plastica
#propagandalive @welikeduel https://t.co/ql5hrF39Xd","","PropagandaLive (tweet_multimodal)"
"1462029757093134336","Andrea Salerno non sente il bisogno di chiarire? Perch√© a guardare La7 sembrerebbe che questa figura di raccordo sia stata trovata. #propagandalive #La7 https://t.co/Z7d1L7u3hx","","PropagandaLive (tweet_multimodal)"
"1462332534679822339","La cosa √® andata cos√¨. @makkox fa un errore marchiano in prima serata, confondendo un dato con un altro. In molti sui social glielo fanno notare, sempre con educazione. Lui blocca tutti quelli che ne hanno parlato. #propagandalive https://t.co/TJqO6asX0A","","PropagandaLive (tweet_multimodal)"
"1461990126939254786","Io coglierei l'occasione del Black Friday per acquistare un corso di inglese.
#BlackFriday #AmazonBlackFriday
#inglese #Striscialanotizia #mimandaraitre #propagandalive @Striscia @welikeduel https://t.co/RvsswT0w84","","PropagandaLive (tweet_multimodal)"
"1462160225985777670","#propagandalive #Leopolda @ItaliaViva #ItaliaDefunta @Soppressatira @lercionotizie @fratellicrozza @IlVernacoliere3 https://t.co/8iMbFTzAAj","","PropagandaLive (tweet_multimodal)"
"1462052683901292551","#QatarGP #taleequaleshow #Lola #propagandalive #LoveOnTourLA #Gigi #Shawn #GFVIP #AFazenda #Camila #Adele30  #HarryPotter https://t.co/0vzYLaLSq3","","PropagandaLive (tweet_multimodal)"
"1462096888228978688","Trainspotting, 1996.
Il monologo finale dell'eroinomane Mark Renton.

#20novembre #Berlusconi #terzadose #vaccino #vaccinoobbligatorio #Covid_19 #COVID19 #quartaondata #Trainspotting #propagandalive https://t.co/SghCj7QmAi","","PropagandaLive (tweet_multimodal)"
"1461811485416562690","Il cinismo del Pojana √® sempre quel pugno ben assestato allo stomaco.
#Pennacchi 

 #propagandalive @welikeduel https://t.co/lBKoTeJpzp","","PropagandaLive (tweet_multimodal)"
"1461839660032962561","Buonanotte piccolo! Spero che tu stia dormendo in un caldo lettino, facendo tanti bei sogni, lontano da tutta questa disumanit√†. Grazie a #propagandalive https://t.co/pHpTaVZY27","","PropagandaLive (tweet_multimodal)"
"1461793165128646656","Vedere #propagandalive in TT appena sopra #Zerocalcare‚Ä¶ 
Cosa potremmo volere di pi√π? 
@welikeduel https://t.co/dbfAJVEkmC","","PropagandaLive (tweet_multimodal)"
"1461791826814328839","√® tutto pi√π o meno pronto...anche il nostro Presidente...ci mancherai...
#propagandalive https://t.co/LbYVbOqt6A","","PropagandaLive (tweet_multimodal)"
"1461812827430305803","@Pennacchiiiii LIVE! Sempre n. 1:
""che casso c'entra l'etica coi schei!""
@welikeduel @makkox @zdizoro
#propagandalive #Vardipuntata https://t.co/ABzc39B47M","","PropagandaLive (tweet_multimodal)"
"1461802760198934530","Spero @zdizoro confermi  la mia ipotesi, ma penso che la sua t-shirt sia s√¨ in onore dei maneskin, ma soprattutto per la dipartita di oggi di chi ha fatto le foto al Rocky Horror Show. Padre della fotografia di scena e rock Mick Rock ‚ù§Ô∏è#propagandalive https://t.co/OluRu8M0je","","PropagandaLive (tweet_multimodal)"
"1461835502894604295","Ma solo a me l‚Äôaccento inglese di @zdizoro ricorda quello di Borat? 

;-) 

#propagandaeuropa  #PROPAGANDACITY https://t.co/kyUR5XugDJ","","PropagandaLive (tweet_multimodal)"
"1461772909211525126","Vuoi vedere se il tuo vicino di casa ha il #GreenPass ??
I dati sono tutti in rete!!!!
#Draghi #Speranza #Figliuolo‚Ä¶ https://t.co/0kAR7hSjoB","","PropagandaLive (tweet_multimodal)"
"1461843727643815939","#propagandalive #Renzi  MATTE' la folle che ACCLAMA #conte √® gente che TU TI SOGNI! √® il POPOLO! non √® una elite di‚Ä¶ https://t.co/TzNJhsuUHf","","PropagandaLive (tweet_multimodal)"
"1461826572017668103","Grazie alla gestione umanitaria del diplomatico Alex Saab, Venezuela ha ricevuto dalla Repubblica islamica dell'Ira‚Ä¶ https://t.co/2H8XvJHQOE","","PropagandaLive (tweet_multimodal)"
"1461825928473071619","ATTENZIONE! 

Tra pochi istanti partiremo dalla sede del Comando Internazionale la conferenza: ""Il rapimento del di‚Ä¶ https://t.co/7MaEY6qZpX","","PropagandaLive (tweet_multimodal)"
"1461978100359733253","Terribile mi vergogno di essere Europeo #propagandalive #Refugees  #Bielorussia #Polonia  #RefugeesNeedHelp‚Ä¶ https://t.co/VPREqNj7bQ","","PropagandaLive (tweet_multimodal)"
"1461829379324059656","Il caso di Alex Saab √® un atto illegale che viola chiaramente tutto il diritto e il diritto internazionale.‚Ä¶ https://t.co/cTe7hPmS5Q","","PropagandaLive (tweet_multimodal)"
"1461828151777103874","Alex Saab ha aggirato il blocco criminale per portare beni e servizi di base (cibo, medicine, materiali, forniture‚Ä¶ https://t.co/S3kmLi4Jok","","PropagandaLive (tweet_multimodal)"
"1461803436811460608","gran bella t-shirt di @zdizoro.
ogni riferimento (non) √® puramente casuale.
üëçüí™ü§ü

#propagandalive 
@welikeduel 

https://t.co/0bpqc9aSJr","","PropagandaLive (tweet_multimodal)"